trip_id,driver_id,vehicle_type,route_zone,distance_km,duration_min,fatigue_alerts,drowsiness_alerts,obstacle_detection_count,speeding_count,overall_safety_score,revenue_plan
T0001,D264,Truck (Logistics),Bangkok - Chonburi,481,431,4,0,5,4,66,Business
T0002,D123,Personal Car,Bangkok - Chonburi,22,28,1,0,4,1,86,Premium
T0003,D267,Personal Car,City Route,129,215,0,0,5,3,81,Basic
T0004,D172,Public Bus,City Route,295,407,1,0,3,0,91,Business
T0005,D192,Delivery Van,Inter-city,82,151,3,0,3,0,85,Premium
T0006,D176,Delivery Van,Inter-city,64,112,0,0,2,0,96,Business
T0007,D126,Personal Car,Urban Area,131,223,2,0,2,2,84,Business
T0008,D272,Delivery Van,Bangkok - Rayong,33,55,1,0,1,3,86,Basic
T0009,D170,Public Bus,Bangkok - Rayong,133,189,1,0,0,2,91,Business
T0010,D203,Delivery Van,Bangkok - Chonburi,69,133,2,0,5,3,75,Basic
T0011,D265,Personal Car,City Route,82,107,2,1,4,3,71,Basic
T0012,D157,Public Bus,Inter-city,176,184,1,0,1,1,92,Business
T0013,D275,Personal Car,Inter-city,31,46,3,1,4,0,77,Premium
T0014,D285,Truck (Logistics),Bangkok - Rayong,749,824,7,0,2,3,66,Business
T0015,D141,Personal Car,Bangkok - Chonburi,82,162,1,0,5,2,81,Premium
T0016,D230,Public Bus,City Route,145,200,5,2,0,4,61,Business
T0017,D183,Personal Car,Bangkok - Chonburi,43,83,2,0,0,1,91,Premium
T0018,D121,Truck (Logistics),Bangkok - Rayong,697,785,10,1,1,3,53,Business
T0019,D241,Public Bus,Urban Area,185,265,4,0,4,1,77,Business
T0020,D283,Delivery Van,Ayutthaya - Chiang Mai,110,170,3,0,1,1,86,Business
T0021,D187,Truck (Logistics),Inter-city,767,684,5,0,0,0,85,Business
T0022,D159,Truck (Logistics),Bangkok - Chonburi,538,445,5,2,5,3,54,Business
T0023,D155,Public Bus,Bangkok - Rayong,289,416,5,1,1,3,68,Business
T0024,D205,Public Bus,Bangkok - Chonburi,74,98,3,1,3,3,70,Business
T0025,D287,Truck (Logistics),Bangkok - Rayong,300,247,7,0,1,1,74,Business
T0026,D149,Personal Car,City Route,123,165,3,0,0,3,82,Premium
T0027,D126,Truck (Logistics),Bangkok - Rayong,753,854,3,1,1,3,74,Business
T0028,D225,Personal Car,City Route,117,224,1,1,0,3,82,Basic
T0029,D217,Delivery Van,Ayutthaya - Chiang Mai,139,184,2,0,0,4,82,Premium
T0030,D239,Truck (Logistics),Bangkok - Rayong,521,428,9,4,4,1,50,Business
T0031,D115,Truck (Logistics),City Route,270,280,5,3,0,4,55,Business
T0032,D164,Truck (Logistics),Inter-city,283,273,10,2,2,1,51,Business
T0033,D272,Delivery Van,City Route,82,124,2,1,2,0,84,Business
T0034,D218,Truck (Logistics),Bangkok - Chonburi,750,663,6,1,2,0,72,Business
T0035,D163,Delivery Van,Urban Area,55,85,2,0,5,4,72,Basic
T0036,D270,Truck (Logistics),City Route,470,397,3,4,1,2,59,Business
T0037,D173,Public Bus,Bangkok - Rayong,137,150,6,1,4,3,59,Business
T0038,D165,Truck (Logistics),Bangkok - Chonburi,633,716,2,0,2,1,87,Business
T0039,D264,Delivery Van,City Route,128,210,3,0,0,0,91,Premium
T0040,D139,Truck (Logistics),Urban Area,796,812,8,1,0,2,64,Business
T0041,D194,Truck (Logistics),Urban Area,415,445,3,2,4,3,62,Business
T0042,D259,Public Bus,City Route,271,293,2,1,0,1,85,Business
T0043,D289,Delivery Van,Ayutthaya - Chiang Mai,78,110,0,1,0,3,85,Business
T0044,D152,Personal Car,Urban Area,93,172,1,0,0,1,94,Basic
T0045,D185,Delivery Van,Bangkok - Chonburi,86,127,3,1,0,0,85,Basic
T0046,D146,Delivery Van,Bangkok - Chonburi,42,70,2,1,3,4,70,Premium
T0047,D130,Personal Car,Inter-city,63,88,3,0,4,4,71,Premium
T0048,D285,Public Bus,Urban Area,160,165,6,1,4,2,62,Business
T0049,D270,Truck (Logistics),Bangkok - Rayong,507,508,8,2,3,2,52,Business
T0050,D242,Public Bus,City Route,157,209,4,2,5,1,63,Business
T0051,D258,Delivery Van,Ayutthaya - Chiang Mai,15,21,1,1,4,4,71,Premium
T0052,D183,Personal Car,Ayutthaya - Chiang Mai,128,222,3,0,5,0,81,Basic
T0053,D232,Delivery Van,Bangkok - Chonburi,75,130,1,0,1,0,95,Business
T0054,D163,Personal Car,Inter-city,33,51,1,1,3,3,76,Business
T0055,D138,Truck (Logistics),Bangkok - Chonburi,635,563,10,3,0,4,50,Business
T0056,D164,Truck (Logistics),Ayutthaya - Chiang Mai,336,376,10,4,4,2,50,Business
T0057,D294,Personal Car,Inter-city,144,221,3,0,5,3,72,Basic
T0058,D167,Public Bus,Bangkok - Rayong,120,165,5,1,5,1,66,Business
T0059,D171,Personal Car,Bangkok - Chonburi,88,122,2,1,4,0,80,Business
T0060,D139,Public Bus,Ayutthaya - Chiang Mai,227,244,2,0,3,3,79,Business
T0061,D185,Personal Car,Ayutthaya - Chiang Mai,30,40,3,1,4,0,77,Premium
T0062,D198,Personal Car,Bangkok - Chonburi,105,151,3,1,4,4,65,Premium
T0063,D157,Personal Car,City Route,84,130,0,1,2,3,81,Premium
T0064,D143,Personal Car,City Route,21,40,0,0,5,3,81,Business
T0065,D219,Public Bus,Bangkok - Chonburi,116,137,2,1,2,2,78,Business
T0066,D295,Personal Car,Urban Area,122,171,0,1,0,4,82,Business
T0067,D190,Public Bus,Bangkok - Rayong,67,93,6,0,0,1,79,Business
T0068,D152,Truck (Logistics),Inter-city,356,318,9,0,4,1,62,Business
T0069,D220,Delivery Van,Urban Area,57,96,0,0,2,0,96,Premium
T0070,D107,Delivery Van,Inter-city,111,168,1,0,4,1,86,Business
T0071,D279,Delivery Van,Bangkok - Rayong,45,82,0,1,4,3,77,Premium
T0072,D195,Truck (Logistics),Inter-city,549,441,8,3,0,3,50,Business
T0073,D193,Personal Car,Bangkok - Rayong,54,83,2,1,3,3,73,Premium
T0074,D252,Delivery Van,Urban Area,77,143,0,1,3,1,85,Basic
T0075,D246,Personal Car,Urban Area,22,35,2,0,3,1,85,Basic
T0076,D167,Delivery Van,Urban Area,85,139,1,0,1,3,86,Basic
T0077,D243,Public Bus,Bangkok - Rayong,171,226,4,1,0,0,82,Business
T0078,D176,Public Bus,Ayutthaya - Chiang Mai,227,254,6,2,2,3,57,Business
T0079,D242,Delivery Van,Ayutthaya - Chiang Mai,99,146,3,1,2,2,75,Business
T0080,D131,Public Bus,Urban Area,80,109,6,0,1,1,77,Business
T0081,D290,Personal Car,Urban Area,149,249,0,0,2,1,93,Basic
T0082,D146,Delivery Van,Bangkok - Chonburi,47,66,0,1,5,1,81,Premium
T0083,D293,Personal Car,Bangkok - Chonburi,18,29,3,1,3,2,73,Business
T0084,D114,Delivery Van,Ayutthaya - Chiang Mai,44,81,3,1,0,4,73,Premium
T0085,D276,Truck (Logistics),City Route,352,395,6,0,1,0,80,Business
T0086,D243,Personal Car,Inter-city,72,131,3,1,3,2,73,Premium
T0087,D210,Delivery Van,Inter-city,30,50,0,0,5,1,87,Basic
T0088,D270,Truck (Logistics),City Route,445,386,3,1,0,3,76,Business
T0089,D216,Personal Car,Urban Area,23,31,2,1,0,1,85,Basic
T0090,D261,Public Bus,Ayutthaya - Chiang Mai,79,100,6,0,2,1,75,Business
T0091,D119,Truck (Logistics),City Route,514,533,6,3,0,3,55,Business
T0092,D277,Delivery Van,Bangkok - Rayong,118,230,3,1,0,4,73,Business
T0093,D211,Delivery Van,Inter-city,79,96,1,0,5,2,81,Premium
T0094,D111,Public Bus,Ayutthaya - Chiang Mai,182,241,3,0,4,3,74,Business
T0095,D263,Personal Car,Bangkok - Chonburi,135,199,2,1,5,0,78,Business
T0096,D185,Personal Car,Bangkok - Rayong,141,201,3,0,3,0,85,Basic
T0097,D165,Delivery Van,Bangkok - Chonburi,118,223,0,1,3,0,88,Business
T0098,D233,Delivery Van,Inter-city,142,241,0,0,2,4,84,Business
T0099,D174,Personal Car,Bangkok - Rayong,139,180,1,0,2,4,81,Business
T0100,D242,Personal Car,Bangkok - Chonburi,72,143,0,1,0,1,91,Basic
T0101,D284,Delivery Van,Inter-city,84,128,3,1,1,3,74,Premium
T0102,D138,Personal Car,City Route,145,260,1,0,2,3,84,Basic
T0103,D230,Delivery Van,Bangkok - Chonburi,87,154,3,0,3,4,73,Basic
T0104,D189,Delivery Van,Inter-city,111,173,2,0,5,1,81,Premium
T0105,D199,Public Bus,Ayutthaya - Chiang Mai,61,70,4,2,3,3,61,Business
T0106,D270,Public Bus,Ayutthaya - Chiang Mai,296,301,5,2,2,0,69,Business
T0107,D213,Truck (Logistics),Inter-city,667,537,4,3,5,1,57,Business
T0108,D120,Personal Car,Urban Area,101,171,3,0,2,4,75,Basic
T0109,D182,Personal Car,Inter-city,24,40,1,1,1,0,89,Basic
T0110,D126,Truck (Logistics),Ayutthaya - Chiang Mai,370,398,2,0,2,0,90,Business
T0111,D176,Delivery Van,Urban Area,125,164,3,0,1,1,86,Business
T0112,D257,Personal Car,Inter-city,76,121,1,0,3,2,85,Basic
T0113,D166,Truck (Logistics),Ayutthaya - Chiang Mai,494,529,4,0,3,2,76,Business
T0114,D251,Delivery Van,Bangkok - Rayong,123,215,3,1,1,3,74,Basic
T0115,D128,Public Bus,Ayutthaya - Chiang Mai,196,231,3,2,2,0,75,Business
T0116,D269,Personal Car,Urban Area,17,28,0,1,2,1,87,Premium
T0117,D191,Public Bus,Bangkok - Rayong,98,128,6,2,5,1,57,Business
T0118,D261,Truck (Logistics),Bangkok - Rayong,240,221,9,0,4,2,59,Business
T0119,D288,Public Bus,Bangkok - Chonburi,282,323,6,1,1,1,71,Business
T0120,D134,Delivery Van,Inter-city,143,276,1,1,3,2,79,Premium
T0121,D187,Truck (Logistics),Ayutthaya - Chiang Mai,277,237,5,3,4,2,53,Business
T0122,D124,Personal Car,Bangkok - Chonburi,82,133,3,1,5,2,69,Premium
T0123,D198,Delivery Van,Bangkok - Chonburi,74,116,2,0,5,0,84,Premium
T0124,D219,Delivery Van,Bangkok - Rayong,119,153,0,0,2,3,87,Business
T0125,D125,Public Bus,Inter-city,84,100,3,2,5,4,57,Business
T0126,D208,Public Bus,Ayutthaya - Chiang Mai,217,227,4,2,3,2,64,Business
T0127,D109,Delivery Van,City Route,128,199,1,1,0,2,85,Premium
T0128,D266,Delivery Van,Bangkok - Chonburi,116,164,0,1,0,1,91,Premium
T0129,D264,Truck (Logistics),Bangkok - Chonburi,541,485,4,4,1,0,62,Business
T0130,D296,Public Bus,Inter-city,105,147,2,1,1,4,74,Business
T0131,D101,Delivery Van,City Route,48,78,1,0,5,0,87,Business
T0132,D104,Delivery Van,City Route,97,117,2,0,1,3,83,Premium
T0133,D130,Truck (Logistics),Ayutthaya - Chiang Mai,659,732,10,4,0,3,50,Business
T0134,D229,Public Bus,Inter-city,61,83,6,2,2,3,57,Business
T0135,D265,Truck (Logistics),Bangkok - Chonburi,690,785,8,0,3,3,61,Business
T0136,D119,Truck (Logistics),Urban Area,351,290,6,4,5,4,50,Business
T0137,D241,Delivery Van,Ayutthaya - Chiang Mai,150,215,3,0,5,0,81,Premium
T0138,D267,Public Bus,Ayutthaya - Chiang Mai,165,238,4,1,3,3,67,Business
T0139,D207,Truck (Logistics),Urban Area,637,589,6,2,1,3,59,Business
T0140,D118,Truck (Logistics),Bangkok - Chonburi,295,286,7,1,4,0,65,Business
T0141,D251,Delivery Van,Bangkok - Rayong,46,70,3,0,2,4,75,Basic
T0142,D191,Truck (Logistics),Inter-city,719,636,9,1,0,2,61,Business
T0143,D243,Delivery Van,Bangkok - Chonburi,86,142,3,0,4,2,77,Business
T0144,D147,Delivery Van,Bangkok - Rayong,94,182,2,0,1,1,89,Premium
T0145,D269,Personal Car,Bangkok - Chonburi,51,91,0,0,5,4,78,Business
T0146,D197,Personal Car,Ayutthaya - Chiang Mai,102,135,2,1,4,4,68,Business
T0147,D114,Public Bus,City Route,243,318,6,0,2,3,69,Business
T0148,D270,Personal Car,Ayutthaya - Chiang Mai,128,196,1,0,2,3,84,Business
T0149,D173,Personal Car,Inter-city,93,114,3,0,0,1,88,Basic
T0150,D155,Public Bus,Urban Area,124,144,1,1,5,3,72,Business
T0151,D145,Public Bus,Ayutthaya - Chiang Mai,186,251,5,2,5,2,57,Business
T0152,D119,Personal Car,Bangkok - Rayong,25,38,3,0,2,4,75,Basic
T0153,D247,Personal Car,Bangkok - Rayong,121,173,3,0,2,1,84,Premium
T0154,D218,Delivery Van,Bangkok - Chonburi,126,236,1,1,4,3,74,Premium
T0155,D121,Personal Car,Urban Area,101,139,1,0,4,0,89,Premium
T0156,D231,Public Bus,Urban Area,139,189,6,0,1,0,80,Business
T0157,D138,Delivery Van,City Route,59,99,0,0,5,3,81,Basic
T0158,D294,Personal Car,Bangkok - Rayong,97,183,2,0,3,0,88,Basic
T0159,D214,Delivery Van,Urban Area,29,42,0,1,3,3,79,Business
T0160,D115,Delivery Van,Urban Area,34,58,0,1,3,4,76,Premium
T0161,D290,Truck (Logistics),Ayutthaya - Chiang Mai,785,832,7,4,3,4,50,Business
T0162,D139,Truck (Logistics),Ayutthaya - Chiang Mai,305,342,7,0,4,1,68,Business
T0163,D111,Public Bus,Bangkok - Rayong,162,242,5,2,4,1,62,Business
T0164,D194,Delivery Van,Urban Area,114,174,2,0,5,2,78,Business
T0165,D185,Truck (Logistics),Inter-city,595,543,4,2,0,4,64,Business
T0166,D270,Public Bus,Urban Area,129,191,6,2,3,1,61,Business
T0167,D253,Truck (Logistics),Urban Area,772,733,7,1,5,4,51,Business
T0168,D124,Personal Car,Inter-city,107,129,2,0,1,2,86,Basic
T0169,D150,Public Bus,City Route,89,92,1,2,4,4,65,Business
T0170,D110,Delivery Van,Inter-city,48,80,1,0,1,4,83,Business
T0171,D285,Personal Car,Bangkok - Chonburi,120,178,1,1,4,2,77,Premium
T0172,D215,Public Bus,Inter-city,111,128,4,0,2,4,72,Business
T0173,D213,Personal Car,Urban Area,112,179,3,0,1,4,77,Business
T0174,D165,Truck (Logistics),Bangkok - Rayong,692,795,10,0,5,4,50,Business
T0175,D132,Delivery Van,Bangkok - Chonburi,56,79,1,1,0,1,88,Basic
T0176,D190,Truck (Logistics),Ayutthaya - Chiang Mai,254,243,7,1,3,0,67,Business
T0177,D196,Public Bus,Bangkok - Chonburi,131,191,6,2,2,1,63,Business
T0178,D136,Truck (Logistics),Urban Area,683,736,4,3,3,4,52,Business
T0179,D102,Truck (Logistics),Bangkok - Chonburi,462,409,4,4,5,4,50,Business
T0180,D236,Personal Car,Bangkok - Chonburi,88,122,0,0,1,3,89,Premium
T0181,D260,Personal Car,Bangkok - Chonburi,43,80,3,0,5,4,69,Premium
T0182,D162,Public Bus,Urban Area,159,159,3,0,4,3,74,Business
T0183,D148,Truck (Logistics),Inter-city,569,470,10,4,4,4,50,Business
T0184,D242,Truck (Logistics),Ayutthaya - Chiang Mai,681,556,8,2,2,0,60,Business
T0185,D192,Truck (Logistics),Urban Area,446,487,3,4,5,2,51,Business
T0186,D135,Truck (Logistics),Urban Area,759,709,4,3,5,3,51,Business
T0187,D262,Public Bus,City Route,66,89,4,0,2,1,81,Business
T0188,D112,Public Bus,Bangkok - Chonburi,130,190,5,1,4,3,62,Business
T0189,D165,Truck (Logistics),Bangkok - Rayong,395,361,2,2,2,0,78,Business
T0190,D195,Personal Car,Ayutthaya - Chiang Mai,127,243,3,1,1,3,74,Premium
T0191,D228,Delivery Van,Inter-city,83,152,3,0,3,4,73,Business
T0192,D240,Delivery Van,Urban Area,41,51,2,1,3,4,70,Premium
T0193,D210,Public Bus,Bangkok - Rayong,163,191,1,2,2,4,69,Business
T0194,D212,Delivery Van,Bangkok - Rayong,29,36,3,1,4,1,74,Business
T0195,D137,Personal Car,Bangkok - Chonburi,47,58,2,1,3,4,70,Business
T0196,D255,Public Bus,Bangkok - Rayong,165,243,3,1,0,4,73,Business
T0197,D136,Delivery Van,Ayutthaya - Chiang Mai,95,163,1,0,0,1,94,Basic
T0198,D233,Personal Car,Inter-city,45,63,2,1,1,4,74,Basic
T0199,D278,Personal Car,City Route,46,60,0,1,1,3,83,Business
T0200,D275,Delivery Van,Bangkok - Rayong,103,182,2,1,1,1,83,Basic
T0201,D231,Public Bus,Bangkok - Chonburi,101,140,2,1,0,2,82,Business
T0202,D242,Delivery Van,Ayutthaya - Chiang Mai,48,81,0,0,2,3,87,Premium
T0203,D285,Personal Car,Inter-city,120,217,0,0,2,0,96,Basic
T0204,D220,Delivery Van,City Route,61,110,1,1,4,0,83,Business
T0205,D233,Public Bus,Urban Area,92,99,6,0,2,4,66,Business
T0206,D173,Truck (Logistics),Urban Area,401,422,10,2,1,2,50,Business
T0207,D258,Truck (Logistics),Inter-city,372,385,4,1,5,4,60,Business
T0208,D285,Delivery Van,Inter-city,25,46,0,0,0,4,88,Basic
T0209,D267,Public Bus,Inter-city,156,204,1,1,5,4,69,Business
T0210,D175,Delivery Van,Ayutthaya - Chiang Mai,77,141,3,1,3,0,79,Premium
T0211,D116,Public Bus,Ayutthaya - Chiang Mai,156,193,2,1,4,1,77,Business
T0212,D181,Delivery Van,Bangkok - Rayong,103,203,1,1,4,4,71,Business
T0213,D182,Public Bus,Ayutthaya - Chiang Mai,81,91,2,0,0,0,94,Business
T0214,D175,Personal Car,Inter-city,122,170,1,1,4,2,77,Business
T0215,D296,Public Bus,Ayutthaya - Chiang Mai,181,223,3,1,0,0,85,Business
T0216,D201,Personal Car,City Route,70,116,0,0,2,3,87,Premium
T0217,D268,Personal Car,Urban Area,17,31,3,0,2,2,81,Basic
T0218,D194,Truck (Logistics),Ayutthaya - Chiang Mai,252,259,5,2,4,2,59,Business
T0219,D119,Personal Car,Inter-city,130,235,2,0,1,0,92,Basic
T0220,D196,Delivery Van,Inter-city,108,194,1,1,4,0,83,Business
T0221,D110,Public Bus,Bangkok - Rayong,135,189,5,1,1,4,65,Business
T0222,D232,Public Bus,Urban Area,288,376,2,1,4,2,74,Business
T0223,D252,Delivery Van,Inter-city,145,235,2,1,0,2,82,Basic
T0224,D273,Truck (Logistics),Ayutthaya - Chiang Mai,797,735,2,4,3,2,58,Business
T0225,D268,Public Bus,Bangkok - Rayong,63,81,2,2,5,4,60,Business
T0226,D299,Personal Car,City Route,77,94,0,0,0,3,91,Basic
T0227,D208,Public Bus,Ayutthaya - Chiang Mai,226,249,5,2,3,0,67,Business
T0228,D281,Public Bus,Inter-city,103,131,6,1,4,3,59,Business
T0229,D181,Public Bus,Ayutthaya - Chiang Mai,283,358,5,1,5,2,63,Business
T0230,D257,Personal Car,City Route,78,111,2,0,2,2,84,Premium
T0231,D154,Personal Car,Urban Area,137,202,2,1,0,4,76,Premium
T0232,D240,Personal Car,Ayutthaya - Chiang Mai,103,202,1,1,0,2,85,Premium
T0233,D121,Delivery Van,Ayutthaya - Chiang Mai,80,143,1,0,4,2,83,Premium
T0234,D279,Delivery Van,City Route,42,71,1,0,0,4,85,Business
T0235,D264,Public Bus,Bangkok - Chonburi,75,90,6,1,0,1,73,Business
T0236,D102,Public Bus,Ayutthaya - Chiang Mai,217,318,4,1,5,1,69,Business
T0237,D294,Delivery Van,Urban Area,88,151,0,0,4,0,92,Business
T0238,D207,Public Bus,Bangkok - Chonburi,264,316,4,0,5,2,72,Business
T0239,D110,Truck (Logistics),Urban Area,781,813,7,2,3,4,50,Business
T0240,D235,Personal Car,City Route,144,226,1,0,2,1,90,Premium
T0241,D218,Delivery Van,Bangkok - Rayong,62,75,2,1,4,1,77,Business
T0242,D257,Personal Car,Ayutthaya - Chiang Mai,146,213,3,0,1,1,86,Basic
T0243,D183,Public Bus,Bangkok - Chonburi,116,138,4,1,2,2,72,Business
T0244,D250,Truck (Logistics),Urban Area,568,611,2,0,3,2,82,Business
T0245,D141,Personal Car,Bangkok - Rayong,143,277,2,0,5,2,78,Basic
T0246,D258,Public Bus,City Route,295,314,2,1,5,4,66,Business
T0247,D196,Personal Car,Bangkok - Rayong,135,243,1,0,5,4,75,Business
T0248,D235,Personal Car,Inter-city,107,135,0,0,4,4,80,Business
T0249,D247,Public Bus,City Route,133,189,4,0,5,1,75,Business
T0250,D284,Personal Car,Bangkok - Chonburi,145,225,0,1,1,4,80,Basic
T0251,D217,Truck (Logistics),Inter-city,673,719,6,0,3,2,70,Business
T0252,D101,Public Bus,Inter-city,68,69,3,2,0,4,67,Business
T0253,D116,Truck (Logistics),Ayutthaya - Chiang Mai,232,212,4,1,5,3,63,Business
T0254,D196,Personal Car,Ayutthaya - Chiang Mai,111,166,1,1,0,1,88,Premium
T0255,D201,Public Bus,Bangkok - Rayong,300,333,1,0,2,3,84,Business
T0256,D273,Personal Car,Inter-city,112,208,1,1,2,1,84,Basic
T0257,D149,Truck (Logistics),Bangkok - Chonburi,629,657,2,1,1,0,86,Business
T0258,D126,Truck (Logistics),Ayutthaya - Chiang Mai,249,223,2,3,3,1,67,Business
T0259,D239,Public Bus,Bangkok - Chonburi,85,106,3,0,5,4,69,Business
T0260,D182,Delivery Van,City Route,92,174,1,1,2,2,81,Business
T0261,D243,Public Bus,Bangkok - Rayong,223,270,4,0,2,3,75,Business
T0262,D235,Delivery Van,Bangkok - Rayong,121,184,2,1,1,4,74,Basic
T0263,D162,Public Bus,Urban Area,269,364,4,0,4,3,71,Business
T0264,D207,Public Bus,Ayutthaya - Chiang Mai,112,126,3,2,0,3,70,Business
T0265,D195,Truck (Logistics),Inter-city,395,324,8,4,4,0,50,Business
T0266,D119,Public Bus,Inter-city,235,313,2,1,1,2,80,Business
T0267,D178,Truck (Logistics),City Route,394,466,3,3,1,4,59,Business
T0268,D281,Public Bus,Ayutthaya - Chiang Mai,284,317,3,1,3,3,70,Business
T0269,D237,Delivery Van,Urban Area,81,120,3,1,0,3,76,Basic
T0270,D153,Delivery Van,Urban Area,120,148,1,0,0,2,91,Premium
T0271,D250,Personal Car,Urban Area,54,73,1,1,4,1,80,Basic
T0272,D241,Delivery Van,Urban Area,140,276,3,1,1,2,77,Business
T0273,D136,Personal Car,City Route,30,48,0,0,0,3,91,Business
T0274,D262,Public Bus,Bangkok - Chonburi,231,248,2,2,3,2,70,Business
T0275,D116,Personal Car,Bangkok - Rayong,139,168,3,0,0,4,79,Premium
T0276,D171,Delivery Van,Bangkok - Chonburi,143,264,3,0,0,0,91,Premium
T0277,D139,Public Bus,City Route,208,262,3,1,3,0,79,Business
T0278,D196,Personal Car,Ayutthaya - Chiang Mai,77,153,1,1,5,0,81,Premium
T0279,D267,Truck (Logistics),Bangkok - Chonburi,615,585,10,3,0,0,52,Business
T0280,D280,Public Bus,Bangkok - Chonburi,177,251,6,1,4,0,68,Business
T0281,D236,Truck (Logistics),City Route,416,482,9,2,0,0,61,Business
T0282,D276,Delivery Van,Inter-city,23,30,2,0,1,4,80,Business
T0283,D293,Personal Car,Bangkok - Chonburi,91,121,1,1,5,4,69,Basic
T0284,D199,Public Bus,Bangkok - Rayong,235,244,6,1,0,0,76,Business
T0285,D212,Public Bus,Bangkok - Chonburi,137,178,5,2,3,2,61,Business
T0286,D108,Delivery Van,Ayutthaya - Chiang Mai,140,193,3,1,1,4,71,Premium
T0287,D198,Truck (Logistics),Inter-city,502,561,3,0,2,1,84,Business
T0288,D198,Public Bus,Bangkok - Rayong,149,172,1,0,0,2,91,Business
T0289,D214,Delivery Van,Urban Area,41,53,1,1,3,4,73,Premium
T0290,D232,Personal Car,Bangkok - Chonburi,21,26,0,1,3,0,88,Basic
T0291,D206,Personal Car,Bangkok - Chonburi,77,127,1,1,1,1,86,Basic
T0292,D178,Delivery Van,Ayutthaya - Chiang Mai,52,65,3,1,3,2,73,Basic
T0293,D120,Delivery Van,Urban Area,78,138,3,0,3,0,85,Business
T0294,D178,Truck (Logistics),Ayutthaya - Chiang Mai,540,613,8,2,3,2,52,Business
T0295,D211,Public Bus,Urban Area,132,171,6,0,3,2,70,Business
T0296,D146,Personal Car,Urban Area,89,159,3,0,2,3,78,Basic
T0297,D201,Delivery Van,Bangkok - Chonburi,66,110,1,0,5,3,78,Premium
T0298,D154,Personal Car,Urban Area,32,59,3,1,1,2,77,Business
T0299,D165,Public Bus,Bangkok - Rayong,158,220,1,1,4,3,74,Business
T0300,D250,Personal Car,Inter-city,144,279,3,0,2,4,75,Premium
T0301,D264,Truck (Logistics),Bangkok - Chonburi,454,482,7,1,5,4,51,Business
T0302,D112,Personal Car,Urban Area,125,160,0,1,1,4,80,Premium
T0303,D233,Public Bus,Ayutthaya - Chiang Mai,145,173,6,2,5,4,50,Business
T0304,D139,Delivery Van,Bangkok - Chonburi,138,177,3,0,0,1,88,Basic
T0305,D180,Delivery Van,Ayutthaya - Chiang Mai,67,108,2,1,0,3,79,Premium
T0306,D279,Personal Car,Urban Area,32,46,0,0,2,0,96,Premium
T0307,D143,Public Bus,Inter-city,94,119,3,2,3,3,64,Business
T0308,D160,Personal Car,Bangkok - Rayong,62,83,3,1,0,4,73,Business
T0309,D216,Personal Car,Ayutthaya - Chiang Mai,16,28,1,1,5,0,81,Premium
T0310,D127,Public Bus,Urban Area,133,146,1,1,5,3,72,Business
T0311,D236,Delivery Van,Inter-city,114,192,0,1,2,3,81,Premium
T0312,D145,Delivery Van,Inter-city,36,62,2,0,1,2,86,Business
T0313,D147,Delivery Van,Bangkok - Rayong,51,82,3,0,4,3,74,Basic
T0314,D148,Personal Car,Bangkok - Rayong,59,96,3,1,1,1,80,Basic
T0315,D216,Truck (Logistics),Urban Area,209,207,5,3,4,4,50,Business
T0316,D268,Personal Car,Ayutthaya - Chiang Mai,140,214,3,1,1,0,83,Premium
T0317,D108,Public Bus,Urban Area,58,65,5,1,1,3,68,Business
T0318,D245,Personal Car,Inter-city,145,187,0,1,4,2,80,Premium
T0319,D294,Truck (Logistics),Bangkok - Rayong,651,663,8,0,5,1,63,Business
T0320,D177,Truck (Logistics),Ayutthaya - Chiang Mai,469,440,3,3,0,1,70,Business
T0321,D154,Delivery Van,Bangkok - Rayong,124,165,1,0,1,0,95,Premium
T0322,D190,Delivery Van,Inter-city,58,84,2,1,4,2,74,Premium
T0323,D274,Truck (Logistics),City Route,621,725,6,1,5,1,63,Business
T0324,D164,Public Bus,Bangkok - Rayong,132,186,6,1,3,1,67,Business
T0325,D248,Delivery Van,Bangkok - Rayong,121,181,0,0,3,4,82,Premium
T0326,D172,Delivery Van,Ayutthaya - Chiang Mai,139,203,0,0,5,3,81,Premium
T0327,D271,Delivery Van,Bangkok - Chonburi,116,159,3,0,3,2,79,Basic
T0328,D173,Delivery Van,Inter-city,48,79,3,1,5,0,75,Business
T0329,D126,Personal Car,Bangkok - Chonburi,46,89,1,1,3,0,85,Basic
T0330,D152,Public Bus,Bangkok - Rayong,127,137,3,0,5,2,75,Business
T0331,D165,Truck (Logistics),Urban Area,369,302,6,1,3,0,70,Business
T0332,D281,Truck (Logistics),Bangkok - Chonburi,418,414,4,4,1,4,50,Business
T0333,D275,Personal Car,Bangkok - Chonburi,17,29,0,1,5,1,81,Basic
T0334,D119,Public Bus,Ayutthaya - Chiang Mai,72,98,1,0,2,2,87,Business
T0335,D177,Public Bus,Ayutthaya - Chiang Mai,248,348,2,2,5,1,69,Business
T0336,D118,Truck (Logistics),Inter-city,368,359,5,1,3,4,61,Business
T0337,D276,Personal Car,City Route,37,70,1,0,4,3,80,Basic
T0338,D210,Delivery Van,City Route,78,110,0,0,4,4,80,Premium
T0339,D285,Delivery Van,Bangkok - Rayong,21,39,2,0,4,4,74,Premium
T0340,D149,Personal Car,Urban Area,28,51,1,1,3,0,85,Business
T0341,D228,Truck (Logistics),Inter-city,212,253,7,1,3,4,55,Business
T0342,D208,Delivery Van,Inter-city,59,106,0,0,4,0,92,Business
T0343,D168,Public Bus,Bangkok - Chonburi,286,294,4,2,2,4,60,Business
T0344,D297,Personal Car,Ayutthaya - Chiang Mai,117,148,1,1,0,2,85,Business
T0345,D231,Public Bus,City Route,187,217,5,2,5,0,63,Business
T0346,D180,Personal Car,Bangkok - Rayong,76,94,0,1,0,3,85,Premium
T0347,D256,Truck (Logistics),Urban Area,379,321,4,0,1,3,77,Business
T0348,D189,Delivery Van,City Route,110,143,2,0,0,2,88,Basic
T0349,D170,Truck (Logistics),Urban Area,790,830,9,3,4,2,50,Business
T0350,D115,Personal Car,Inter-city,57,85,2,0,4,0,86,Business
T0351,D290,Truck (Logistics),Bangkok - Chonburi,212,190,9,2,3,1,52,Business
T0352,D146,Truck (Logistics),Inter-city,629,559,5,3,5,2,51,Business
T0353,D170,Truck (Logistics),Inter-city,581,492,2,1,1,4,74,Business
T0354,D112,Personal Car,Bangkok - Chonburi,134,253,2,1,0,4,76,Basic
T0355,D103,Delivery Van,City Route,89,146,2,0,3,2,82,Premium
T0356,D227,Public Bus,Bangkok - Rayong,280,356,2,0,0,3,85,Business
T0357,D107,Public Bus,Inter-city,138,181,6,0,2,0,78,Business
T0358,D295,Personal Car,Bangkok - Rayong,93,119,1,1,3,0,85,Business
T0359,D283,Delivery Van,Bangkok - Chonburi,26,50,3,1,3,0,79,Premium
T0360,D125,Public Bus,Bangkok - Rayong,259,310,5,2,0,3,64,Business
T0361,D270,Public Bus,City Route,124,140,3,1,5,2,69,Business
T0362,D182,Personal Car,Urban Area,74,93,1,0,4,0,89,Business
T0363,D128,Public Bus,Ayutthaya - Chiang Mai,169,195,1,2,2,1,78,Business
T0364,D216,Delivery Van,Ayutthaya - Chiang Mai,82,154,0,0,5,2,84,Premium
T0365,D279,Truck (Logistics),City Route,535,459,5,2,3,4,55,Business
T0366,D113,Delivery Van,Urban Area,59,72,3,1,4,4,65,Business
T0367,D125,Personal Car,Bangkok - Chonburi,50,64,0,0,1,1,95,Basic
T0368,D196,Truck (Logistics),Inter-city,800,722,3,0,0,1,88,Business
T0369,D266,Personal Car,City Route,38,73,2,0,0,3,85,Business
T0370,D144,Personal Car,Bangkok - Rayong,116,185,3,1,1,2,77,Business
T0371,D148,Delivery Van,Urban Area,129,245,0,0,5,2,84,Basic
T0372,D206,Personal Car,Bangkok - Chonburi,37,52,1,1,1,4,77,Business
T0373,D262,Truck (Logistics),Ayutthaya - Chiang Mai,567,562,9,2,4,4,50,Business
T0374,D183,Personal Car,Urban Area,61,74,1,0,2,0,93,Basic
T0375,D236,Delivery Van,Inter-city,74,146,0,0,5,1,87,Basic
T0376,D237,Truck (Logistics),City Route,789,898,8,2,1,1,59,Business
T0377,D161,Delivery Van,Bangkok - Rayong,106,204,0,1,4,4,74,Business
T0378,D245,Public Bus,Ayutthaya - Chiang Mai,188,217,4,0,0,0,88,Business
T0379,D160,Public Bus,Bangkok - Chonburi,184,227,3,2,1,1,74,Business
T0380,D188,Public Bus,Urban Area,65,65,5,2,1,0,71,Business
T0381,D235,Delivery Van,Bangkok - Chonburi,110,193,3,0,2,2,81,Basic
T0382,D135,Public Bus,Bangkok - Rayong,292,355,6,1,5,2,60,Business
T0383,D145,Delivery Van,City Route,59,88,2,0,1,0,92,Premium
T0384,D247,Personal Car,Inter-city,23,30,2,0,5,4,72,Business
T0385,D228,Public Bus,Urban Area,240,249,3,1,1,0,83,Business
T0386,D282,Delivery Van,Ayutthaya - Chiang Mai,17,24,1,0,2,2,87,Business
T0387,D285,Truck (Logistics),Bangkok - Chonburi,595,580,8,1,3,3,55,Business
T0388,D197,Delivery Van,Inter-city,111,142,3,0,1,3,80,Business
T0389,D109,Delivery Van,Bangkok - Chonburi,96,135,0,0,2,1,93,Basic
T0390,D142,Truck (Logistics),Inter-city,295,275,9,0,3,1,64,Business
T0391,D256,Personal Car,City Route,28,35,1,0,3,4,79,Premium
T0392,D287,Delivery Van,Bangkok - Rayong,87,125,0,0,3,4,82,Premium
T0393,D226,Public Bus,Bangkok - Chonburi,142,142,1,1,5,4,69,Business
T0394,D223,Public Bus,Bangkok - Chonburi,56,61,6,1,0,3,67,Business
T0395,D130,Delivery Van,Ayutthaya - Chiang Mai,135,214,2,0,5,4,72,Basic
T0396,D148,Delivery Van,Ayutthaya - Chiang Mai,109,147,0,1,3,3,79,Basic
T0397,D158,Delivery Van,Inter-city,30,39,0,0,5,2,84,Premium
T0398,D206,Public Bus,Inter-city,65,92,5,1,4,3,62,Business
T0399,D247,Public Bus,Ayutthaya - Chiang Mai,126,130,6,0,4,4,62,Business
T0400,D233,Public Bus,Bangkok - Chonburi,293,403,2,0,1,1,89,Business
T0401,D133,Truck (Logistics),Ayutthaya - Chiang Mai,280,334,8,1,5,1,57,Business
T0402,D253,Delivery Van,Urban Area,32,40,3,1,2,4,69,Basic
T0403,D104,Personal Car,Bangkok - Chonburi,121,159,0,0,4,0,92,Basic
T0404,D238,Delivery Van,Ayutthaya - Chiang Mai,82,123,3,1,0,1,82,Basic
T0405,D204,Public Bus,Inter-city,205,274,4,0,3,2,76,Business
T0406,D277,Public Bus,Bangkok - Chonburi,240,297,3,1,0,2,79,Business
T0407,D178,Delivery Van,Urban Area,140,264,0,0,1,2,92,Premium
T0408,D214,Delivery Van,Urban Area,121,203,0,0,3,1,91,Basic
T0409,D290,Personal Car,Inter-city,110,204,1,0,2,4,81,Basic
T0410,D135,Truck (Logistics),City Route,397,456,5,0,1,0,83,Business
T0411,D217,Truck (Logistics),Urban Area,403,366,9,4,3,0,50,Business
T0412,D275,Truck (Logistics),City Route,581,578,9,1,3,4,50,Business
T0413,D242,Delivery Van,Urban Area,56,104,2,0,2,0,90,Basic
T0414,D113,Public Bus,Inter-city,249,369,2,2,1,1,77,Business
T0415,D169,Personal Car,Inter-city,20,37,0,1,1,1,89,Premium
T0416,D103,Public Bus,Urban Area,205,287,3,2,5,2,63,Business
T0417,D209,Personal Car,Urban Area,132,185,3,1,5,4,63,Premium
T0418,D202,Truck (Logistics),Bangkok - Chonburi,723,867,7,4,5,4,50,Business
T0419,D256,Delivery Van,Urban Area,42,66,2,1,5,2,72,Basic
T0420,D167,Delivery Van,City Route,53,85,1,0,4,3,80,Premium
T0421,D182,Public Bus,Bangkok - Rayong,56,74,3,1,3,3,70,Business
T0422,D200,Truck (Logistics),Inter-city,785,884,7,1,5,4,51,Business
T0423,D264,Personal Car,Bangkok - Rayong,106,170,1,0,2,0,93,Basic
T0424,D133,Delivery Van,Bangkok - Rayong,61,119,2,0,1,2,86,Business
T0425,D291,Delivery Van,Ayutthaya - Chiang Mai,99,148,2,1,0,3,79,Business
T0426,D263,Truck (Logistics),Ayutthaya - Chiang Mai,399,399,8,4,2,3,50,Business
T0427,D114,Public Bus,City Route,101,118,5,1,1,2,71,Business
T0428,D284,Public Bus,Bangkok - Chonburi,174,202,2,1,5,0,78,Business
T0429,D102,Personal Car,Urban Area,68,123,1,0,3,0,91,Business
T0430,D258,Personal Car,Bangkok - Rayong,124,188,3,1,0,0,85,Premium
T0431,D152,Delivery Van,Bangkok - Chonburi,97,175,1,0,5,0,87,Premium
T0432,D288,Public Bus,City Route,227,326,3,0,0,3,82,Business
T0433,D229,Delivery Van,City Route,31,57,2,1,3,4,70,Premium
T0434,D235,Delivery Van,Ayutthaya - Chiang Mai,49,72,3,1,1,1,80,Basic
T0435,D105,Public Bus,City Route,236,352,2,2,0,4,70,Business
T0436,D230,Public Bus,Bangkok - Chonburi,143,193,1,1,5,2,75,Business
T0437,D298,Truck (Logistics),Inter-city,249,265,2,0,5,0,84,Business
T0438,D207,Personal Car,Ayutthaya - Chiang Mai,46,75,3,0,1,0,89,Basic
T0439,D208,Truck (Logistics),Bangkok - Rayong,732,664,4,3,0,4,58,Business
T0440,D285,Truck (Logistics),Urban Area,316,351,9,1,4,1,56,Business
T0441,D300,Delivery Van,Inter-city,66,98,3,1,1,0,83,Premium
T0442,D228,Public Bus,Bangkok - Rayong,288,357,2,0,0,0,94,Business
T0443,D129,Personal Car,City Route,38,69,0,0,2,1,93,Basic
T0444,D176,Delivery Van,Ayutthaya - Chiang Mai,27,34,1,0,2,2,87,Premium
T0445,D181,Personal Car,Bangkok - Rayong,44,56,0,0,1,1,95,Basic
T0446,D192,Personal Car,Inter-city,83,157,0,1,2,1,87,Business
T0447,D203,Personal Car,Ayutthaya - Chiang Mai,84,156,3,1,5,1,72,Business
T0448,D134,Truck (Logistics),City Route,306,295,9,4,5,3,50,Business
T0449,D147,Personal Car,Urban Area,22,41,1,1,3,0,85,Basic
T0450,D213,Truck (Logistics),Bangkok - Chonburi,467,495,2,4,5,4,50,Business
T0451,D286,Public Bus,Bangkok - Rayong,273,319,5,2,5,4,51,Business
T0452,D125,Personal Car,Bangkok - Rayong,78,123,3,0,4,4,71,Business
T0453,D103,Public Bus,Inter-city,267,329,4,0,0,3,79,Business
T0454,D183,Public Bus,Urban Area,298,339,5,0,4,3,68,Business
T0455,D204,Public Bus,Bangkok - Chonburi,167,204,5,1,0,3,70,Business
T0456,D215,Delivery Van,Bangkok - Chonburi,142,255,0,0,3,3,85,Business
T0457,D243,Truck (Logistics),Bangkok - Chonburi,511,590,10,1,5,3,50,Business
T0458,D188,Delivery Van,Bangkok - Chonburi,72,135,2,1,5,2,72,Premium
T0459,D216,Truck (Logistics),Bangkok - Chonburi,427,341,7,2,4,4,50,Business
T0460,D196,Truck (Logistics),Bangkok - Chonburi,368,366,8,0,2,4,60,Business
T0461,D151,Public Bus,Bangkok - Chonburi,288,410,2,1,1,2,80,Business
T0462,D128,Personal Car,Bangkok - Chonburi,46,83,3,1,5,4,63,Premium
T0463,D135,Personal Car,Bangkok - Chonburi,150,268,3,1,4,1,74,Premium
T0464,D249,Public Bus,Bangkok - Rayong,258,274,4,2,4,4,56,Business
T0465,D183,Personal Car,Ayutthaya - Chiang Mai,78,110,2,1,3,1,79,Business
T0466,D206,Delivery Van,Bangkok - Rayong,95,168,1,0,1,4,83,Premium
T0467,D175,Delivery Van,Bangkok - Rayong,48,95,1,1,5,0,81,Basic
T0468,D244,Personal Car,Inter-city,121,210,2,1,0,4,76,Business
T0469,D107,Personal Car,City Route,28,48,1,1,1,2,83,Premium
T0470,D165,Public Bus,Bangkok - Chonburi,226,314,2,2,0,2,76,Business
T0471,D216,Truck (Logistics),Inter-city,775,888,10,3,1,4,50,Business
T0472,D279,Delivery Van,Bangkok - Rayong,27,52,3,1,5,2,69,Premium
T0473,D114,Truck (Logistics),Bangkok - Rayong,457,402,9,1,5,2,51,Business
T0474,D294,Public Bus,Bangkok - Rayong,296,324,4,0,5,0,78,Business
T0475,D148,Public Bus,Bangkok - Rayong,181,191,1,1,2,4,75,Business
T0476,D168,Public Bus,City Route,199,283,1,1,3,1,82,Business
T0477,D111,Public Bus,Urban Area,202,207,6,2,5,2,54,Business
T0478,D226,Delivery Van,Bangkok - Chonburi,96,155,1,0,4,1,86,Basic
T0479,D240,Personal Car,Bangkok - Chonburi,104,143,1,1,2,2,81,Basic
T0480,D156,Personal Car,Inter-city,17,21,2,1,1,4,74,Premium
T0481,D163,Truck (Logistics),Bangkok - Rayong,528,502,3,3,2,4,57,Business
T0482,D286,Delivery Van,Bangkok - Chonburi,147,273,2,1,3,0,82,Basic
T0483,D267,Public Bus,Urban Area,181,188,1,0,4,4,77,Business
T0484,D102,Truck (Logistics),City Route,418,479,8,0,1,4,62,Business
T0485,D280,Personal Car,Bangkok - Rayong,33,59,1,0,3,2,85,Business
T0486,D123,Truck (Logistics),Bangkok - Chonburi,382,426,10,0,4,1,59,Business
T0487,D167,Personal Car,Ayutthaya - Chiang Mai,130,221,3,1,0,3,76,Premium
T0488,D131,Truck (Logistics),Bangkok - Rayong,264,291,2,0,2,4,78,Business
T0489,D128,Delivery Van,Bangkok - Rayong,92,155,2,1,3,3,73,Premium
T0490,D108,Personal Car,City Route,71,92,3,1,5,1,72,Basic
T0491,D274,Delivery Van,Bangkok - Chonburi,51,66,0,1,4,4,74,Business
T0492,D179,Public Bus,Bangkok - Rayong,239,346,3,0,3,4,73,Business
T0493,D137,Public Bus,City Route,106,138,3,0,0,1,88,Business
T0494,D272,Truck (Logistics),Inter-city,672,710,3,2,5,0,69,Business
T0495,D165,Truck (Logistics),City Route,794,789,7,2,1,1,62,Business
T0496,D126,Delivery Van,Inter-city,32,61,2,1,3,2,76,Premium
T0497,D269,Delivery Van,Bangkok - Rayong,54,89,2,1,3,1,79,Business
T0498,D181,Public Bus,City Route,232,317,4,1,2,1,75,Business
T0499,D274,Delivery Van,Ayutthaya - Chiang Mai,133,206,2,1,4,0,80,Business
T0500,D266,Truck (Logistics),Urban Area,343,396,5,2,5,0,63,Business
T0501,D287,Truck (Logistics),Bangkok - Chonburi,719,756,8,4,1,0,50,Business
T0502,D242,Delivery Van,Inter-city,135,232,1,1,3,1,82,Premium
T0503,D288,Delivery Van,City Route,133,212,0,1,2,4,78,Business
T0504,D270,Public Bus,Inter-city,225,243,5,0,3,1,76,Business
T0505,D146,Public Bus,Bangkok - Rayong,237,294,3,0,1,3,80,Business
T0506,D160,Truck (Logistics),Urban Area,578,516,5,4,2,3,50,Business
T0507,D221,Personal Car,Bangkok - Chonburi,25,49,2,0,5,4,72,Premium
T0508,D171,Delivery Van,Inter-city,59,88,3,1,4,0,77,Premium
T0509,D165,Personal Car,City Route,147,224,2,1,3,4,70,Business
T0510,D229,Public Bus,Ayutthaya - Chiang Mai,92,102,5,2,2,1,66,Business
T0511,D139,Public Bus,City Route,142,184,1,2,1,3,74,Business
T0512,D185,Truck (Logistics),Ayutthaya - Chiang Mai,690,684,4,3,0,1,67,Business
T0513,D112,Public Bus,Inter-city,201,217,6,2,0,4,58,Business
T0514,D138,Truck (Logistics),City Route,464,542,10,3,4,4,50,Business
T0515,D264,Truck (Logistics),Bangkok - Rayong,490,577,5,3,4,3,50,Business
T0516,D224,Public Bus,City Route,262,315,2,2,1,4,68,Business
T0517,D269,Delivery Van,City Route,102,197,0,0,3,3,85,Business
T0518,D128,Truck (Logistics),City Route,735,840,10,3,1,4,50,Business
T0519,D125,Public Bus,Ayutthaya - Chiang Mai,280,366,1,2,4,0,77,Business
T0520,D124,Personal Car,Bangkok - Rayong,48,92,0,1,4,3,77,Basic
T0521,D112,Personal Car,City Route,138,252,3,1,4,4,65,Business
T0522,D209,Public Bus,Urban Area,172,237,1,1,4,4,71,Business
T0523,D205,Delivery Van,City Route,16,28,0,0,4,0,92,Basic
T0524,D268,Public Bus,Bangkok - Rayong,255,295,3,0,1,3,80,Business
T0525,D267,Delivery Van,Urban Area,123,203,2,1,1,3,77,Premium
T0526,D243,Personal Car,City Route,109,179,3,1,2,4,69,Basic
T0527,D299,Personal Car,Bangkok - Rayong,50,94,0,0,3,1,91,Business
T0528,D155,Personal Car,Urban Area,28,37,0,0,1,3,89,Premium
T0529,D212,Truck (Logistics),Bangkok - Chonburi,469,416,3,4,0,3,58,Business
T0530,D203,Delivery Van,Bangkok - Rayong,29,56,1,1,3,0,85,Business
T0531,D269,Delivery Van,City Route,23,42,1,0,5,0,87,Basic
T0532,D162,Truck (Logistics),City Route,288,345,8,2,5,3,50,Business
T0533,D204,Public Bus,Inter-city,53,72,1,0,4,2,83,Business
T0534,D286,Delivery Van,Urban Area,85,117,1,1,3,4,73,Business
T0535,D167,Public Bus,Ayutthaya - Chiang Mai,179,188,1,2,2,2,75,Business
T0536,D130,Delivery Van,Inter-city,79,138,3,1,1,2,77,Basic
T0537,D275,Personal Car,Inter-city,22,34,2,0,3,1,85,Premium
T0538,D280,Public Bus,Urban Area,155,229,5,2,0,2,67,Business
T0539,D164,Delivery Van,Bangkok - Chonburi,117,203,2,0,4,1,83,Basic
T0540,D181,Delivery Van,City Route,83,111,1,1,5,1,78,Business
T0541,D289,Public Bus,Urban Area,102,113,2,2,2,1,75,Business
T0542,D300,Truck (Logistics),Bangkok - Chonburi,280,299,9,4,0,4,50,Business
T0543,D111,Personal Car,Urban Area,95,151,2,1,1,4,74,Basic
T0544,D202,Public Bus,Inter-city,82,84,4,1,4,0,74,Business
T0545,D229,Delivery Van,Ayutthaya - Chiang Mai,59,92,0,1,2,0,90,Business
T0546,D273,Public Bus,Ayutthaya - Chiang Mai,198,207,3,2,2,1,72,Business
T0547,D241,Delivery Van,City Route,83,130,2,1,1,3,77,Basic
T0548,D154,Personal Car,Bangkok - Rayong,110,164,3,1,3,1,76,Premium
T0549,D134,Public Bus,Bangkok - Chonburi,234,265,2,2,3,3,67,Business
T0550,D151,Public Bus,Bangkok - Rayong,88,108,1,0,3,3,82,Business
T0551,D135,Delivery Van,Ayutthaya - Chiang Mai,91,127,0,1,0,1,91,Business
T0552,D156,Delivery Van,Ayutthaya - Chiang Mai,39,60,2,1,2,2,78,Premium
T0553,D243,Delivery Van,Urban Area,20,30,2,0,4,4,74,Premium
T0554,D267,Public Bus,Urban Area,140,162,5,1,5,3,60,Business
T0555,D121,Personal Car,Inter-city,88,138,1,0,5,2,81,Basic
T0556,D262,Personal Car,Bangkok - Chonburi,35,46,1,1,2,2,81,Premium
T0557,D169,Personal Car,Urban Area,128,233,2,1,3,1,79,Business
T0558,D106,Public Bus,Bangkok - Rayong,110,146,6,2,5,0,60,Business
T0559,D154,Public Bus,Ayutthaya - Chiang Mai,76,79,4,2,0,0,76,Business
T0560,D298,Personal Car,Inter-city,36,46,1,0,5,3,78,Basic
T0561,D159,Public Bus,Bangkok - Rayong,122,149,2,0,4,1,83,Business
T0562,D108,Truck (Logistics),Bangkok - Rayong,565,646,7,3,3,4,50,Business
T0563,D170,Personal Car,City Route,60,100,3,1,4,4,65,Basic
T0564,D189,Personal Car,Inter-city,73,134,3,1,2,3,72,Basic
T0565,D140,Delivery Van,Bangkok - Chonburi,15,24,1,1,2,3,78,Premium
T0566,D103,Personal Car,Ayutthaya - Chiang Mai,91,109,3,1,4,1,74,Business
T0567,D241,Delivery Van,City Route,120,228,3,1,1,1,80,Premium
T0568,D289,Personal Car,Ayutthaya - Chiang Mai,71,100,3,0,4,4,71,Premium
T0569,D276,Delivery Van,Urban Area,83,127,0,0,1,2,92,Business
T0570,D264,Personal Car,Inter-city,130,184,3,0,2,0,87,Business
T0571,D113,Truck (Logistics),City Route,304,277,4,3,5,0,60,Business
T0572,D160,Truck (Logistics),City Route,215,214,7,3,2,3,50,Business
T0573,D196,Personal Car,Bangkok - Rayong,23,33,1,0,2,3,84,Business
T0574,D240,Personal Car,City Route,64,122,2,1,0,0,88,Premium
T0575,D164,Personal Car,Ayutthaya - Chiang Mai,78,139,0,0,3,0,94,Premium
T0576,D271,Public Bus,Ayutthaya - Chiang Mai,149,199,3,1,1,0,83,Business
T0577,D291,Truck (Logistics),Urban Area,692,730,5,2,0,1,70,Business
T0578,D129,Public Bus,Bangkok - Rayong,161,187,2,1,4,0,80,Business
T0579,D202,Public Bus,Bangkok - Chonburi,298,304,6,1,5,4,54,Business
T0580,D140,Delivery Van,Bangkok - Chonburi,78,103,0,1,5,0,84,Business
T0581,D192,Public Bus,Bangkok - Rayong,187,261,2,1,1,2,80,Business
T0582,D243,Delivery Van,Ayutthaya - Chiang Mai,64,77,3,1,5,1,72,Basic
T0583,D111,Personal Car,Bangkok - Rayong,127,209,3,0,4,1,80,Premium
T0584,D190,Delivery Van,Bangkok - Rayong,134,190,1,0,4,1,86,Basic
T0585,D176,Delivery Van,Inter-city,108,168,3,0,0,4,79,Basic
T0586,D299,Public Bus,Urban Area,234,241,5,1,1,4,65,Business
T0587,D275,Personal Car,Inter-city,54,91,2,1,5,2,72,Business
T0588,D125,Truck (Logistics),Bangkok - Chonburi,332,289,2,1,0,3,79,Business
T0589,D150,Truck (Logistics),Bangkok - Chonburi,784,828,8,3,4,4,50,Business
T0590,D280,Delivery Van,Bangkok - Chonburi,108,148,0,0,1,3,89,Business
T0591,D220,Truck (Logistics),Urban Area,771,846,8,2,5,0,54,Business
T0592,D258,Delivery Van,Inter-city,25,44,2,0,1,4,80,Business
T0593,D126,Public Bus,Inter-city,148,162,5,2,1,4,59,Business
T0594,D261,Public Bus,Inter-city,241,308,6,0,5,4,60,Business
T0595,D192,Personal Car,Bangkok - Rayong,124,236,1,0,4,3,80,Premium
T0596,D187,Public Bus,Inter-city,203,247,3,1,4,2,71,Business
T0597,D196,Personal Car,Bangkok - Rayong,125,232,2,0,4,4,74,Business
T0598,D197,Delivery Van,Urban Area,130,202,3,0,5,0,81,Basic
T0599,D253,Truck (Logistics),Inter-city,338,404,6,0,2,1,75,Business
T0600,D155,Delivery Van,Bangkok - Chonburi,85,164,1,0,0,3,88,Basic
T0601,D140,Public Bus,Urban Area,143,206,2,0,2,2,84,Business
T0602,D124,Personal Car,Inter-city,70,125,2,1,1,3,77,Premium
T0603,D280,Truck (Logistics),Inter-city,507,413,8,0,0,2,70,Business
T0604,D190,Personal Car,Ayutthaya - Chiang Mai,45,85,1,0,5,3,78,Business
T0605,D179,Truck (Logistics),Urban Area,752,771,7,4,5,1,50,Business
T0606,D140,Truck (Logistics),Bangkok - Rayong,602,715,10,0,1,3,59,Business
T0607,D175,Personal Car,City Route,48,70,3,0,4,3,74,Basic
T0608,D122,Personal Car,Inter-city,126,229,1,0,3,4,79,Business
T0609,D225,Personal Car,Bangkok - Rayong,65,107,1,0,0,2,91,Basic
T0610,D183,Truck (Logistics),Bangkok - Chonburi,623,603,7,1,2,2,63,Business
T0611,D253,Truck (Logistics),Urban Area,373,445,9,4,1,3,50,Business
T0612,D112,Public Bus,City Route,225,267,6,0,0,0,82,Business
T0613,D163,Public Bus,Urban Area,53,62,1,1,3,3,76,Business
T0614,D106,Delivery Van,City Route,69,94,2,1,4,1,77,Premium
T0615,D279,Truck (Logistics),Ayutthaya - Chiang Mai,796,925,10,0,2,1,63,Business
T0616,D116,Delivery Van,City Route,84,104,0,0,3,2,88,Premium
T0617,D269,Delivery Van,Bangkok - Chonburi,19,27,3,0,3,4,73,Premium
T0618,D126,Delivery Van,Ayutthaya - Chiang Mai,37,49,3,0,0,1,88,Premium
T0619,D179,Delivery Van,Ayutthaya - Chiang Mai,115,206,0,1,5,2,78,Basic
T0620,D261,Delivery Van,City Route,143,203,0,1,3,0,88,Premium
T0621,D172,Public Bus,City Route,137,198,6,0,0,3,73,Business
T0622,D234,Public Bus,Ayutthaya - Chiang Mai,111,142,4,1,4,2,68,Business
T0623,D215,Public Bus,City Route,217,232,5,2,1,1,68,Business
T0624,D180,Public Bus,Ayutthaya - Chiang Mai,282,419,2,2,4,1,71,Business
T0625,D182,Truck (Logistics),Inter-city,745,878,3,1,2,1,78,Business
T0626,D287,Truck (Logistics),Urban Area,623,737,6,3,5,2,50,Business
T0627,D139,Public Bus,Bangkok - Chonburi,83,90,5,2,2,4,57,Business
T0628,D246,Public Bus,Inter-city,109,121,1,1,0,3,82,Business
T0629,D135,Personal Car,Bangkok - Rayong,110,148,3,1,3,1,76,Business
T0630,D150,Public Bus,Bangkok - Chonburi,154,212,1,1,3,1,82,Business
T0631,D291,Public Bus,City Route,66,71,4,2,3,2,64,Business
T0632,D218,Public Bus,Ayutthaya - Chiang Mai,153,212,5,2,3,2,61,Business
T0633,D201,Truck (Logistics),Inter-city,311,304,2,1,4,4,68,Business
T0634,D202,Truck (Logistics),Inter-city,596,599,2,1,2,3,75,Business
T0635,D202,Delivery Van,Urban Area,133,177,2,0,5,4,72,Business
T0636,D219,Personal Car,Bangkok - Chonburi,143,184,1,1,3,2,79,Basic
T0637,D107,Public Bus,Ayutthaya - Chiang Mai,201,291,2,1,0,2,82,Business
T0638,D183,Public Bus,Bangkok - Rayong,237,251,1,2,3,2,73,Business
T0639,D122,Personal Car,Bangkok - Rayong,145,245,1,1,4,3,74,Business
T0640,D297,Public Bus,Urban Area,194,278,2,0,1,1,89,Business
T0641,D297,Truck (Logistics),Ayutthaya - Chiang Mai,515,475,9,2,5,1,50,Business
T0642,D131,Public Bus,City Route,50,65,3,0,3,3,76,Business
T0643,D228,Truck (Logistics),Inter-city,705,631,9,3,3,3,50,Business
T0644,D121,Truck (Logistics),City Route,760,692,10,1,0,1,61,Business
T0645,D138,Truck (Logistics),Bangkok - Rayong,557,453,2,4,4,2,56,Business
T0646,D185,Truck (Logistics),Bangkok - Chonburi,311,300,4,1,5,2,66,Business
T0647,D257,Public Bus,Ayutthaya - Chiang Mai,241,310,1,0,2,2,87,Business
T0648,D195,Personal Car,Bangkok - Chonburi,124,232,0,1,3,1,85,Business
T0649,D278,Delivery Van,Urban Area,149,228,1,0,4,0,89,Business
T0650,D247,Truck (Logistics),Ayutthaya - Chiang Mai,494,479,7,2,4,4,50,Business
T0651,D260,Delivery Van,City Route,142,229,3,1,1,4,71,Business
T0652,D282,Delivery Van,City Route,15,19,3,0,5,1,78,Premium
T0653,D207,Personal Car,Bangkok - Chonburi,100,147,1,0,5,1,84,Premium
T0654,D173,Delivery Van,Bangkok - Chonburi,93,133,2,0,0,2,88,Basic
T0655,D202,Truck (Logistics),City Route,398,371,7,3,3,0,55,Business
T0656,D266,Public Bus,Ayutthaya - Chiang Mai,89,116,5,1,3,3,64,Business
T0657,D291,Truck (Logistics),Inter-city,506,519,7,4,4,0,50,Business
T0658,D154,Delivery Van,Urban Area,31,61,2,0,2,3,81,Premium
T0659,D237,Public Bus,Inter-city,205,244,5,0,2,2,75,Business
T0660,D282,Truck (Logistics),Urban Area,623,520,5,2,3,2,61,Business
T0661,D156,Delivery Van,City Route,43,64,0,0,0,3,91,Premium
T0662,D107,Personal Car,Inter-city,54,73,3,1,2,1,78,Business
T0663,D233,Public Bus,City Route,235,239,4,2,4,0,68,Business
T0664,D102,Delivery Van,Bangkok - Chonburi,37,54,0,0,4,2,86,Business
T0665,D248,Delivery Van,Bangkok - Rayong,68,99,1,1,2,4,75,Basic
T0666,D298,Personal Car,Bangkok - Rayong,45,63,1,1,0,0,91,Premium
T0667,D244,Truck (Logistics),City Route,755,709,7,2,1,2,59,Business
T0668,D247,Public Bus,City Route,68,78,3,2,3,0,73,Business
T0669,D134,Truck (Logistics),Ayutthaya - Chiang Mai,251,211,2,0,3,3,79,Business
T0670,D146,Personal Car,Inter-city,106,153,1,0,3,4,79,Business
T0671,D124,Personal Car,Bangkok - Chonburi,131,189,3,1,1,1,80,Business
T0672,D258,Delivery Van,Urban Area,115,154,2,1,3,3,73,Business
T0673,D117,Personal Car,Bangkok - Chonburi,104,164,1,1,2,4,75,Premium
T0674,D133,Truck (Logistics),Ayutthaya - Chiang Mai,309,287,3,2,4,3,62,Business
T0675,D203,Personal Car,City Route,77,126,3,1,0,2,79,Business
T0676,D278,Personal Car,Ayutthaya - Chiang Mai,102,166,1,0,5,0,87,Premium
T0677,D283,Personal Car,Bangkok - Chonburi,133,194,0,1,1,2,86,Basic
T0678,D118,Truck (Logistics),Bangkok - Rayong,588,547,2,0,1,1,89,Business
T0679,D249,Truck (Logistics),City Route,352,345,6,3,4,4,50,Business
T0680,D215,Public Bus,City Route,224,322,3,2,5,2,63,Business
T0681,D212,Delivery Van,Bangkok - Chonburi,17,28,3,0,2,0,87,Basic
T0682,D241,Truck (Logistics),Bangkok - Chonburi,773,872,7,0,2,0,75,Business
T0683,D161,Personal Car,Bangkok - Rayong,115,195,3,1,3,3,70,Premium
T0684,D155,Public Bus,Ayutthaya - Chiang Mai,85,92,4,1,3,1,73,Business
T0685,D174,Public Bus,City Route,52,53,1,0,5,3,78,Business
T0686,D269,Personal Car,City Route,36,47,3,1,5,4,63,Basic
T0687,D260,Public Bus,Ayutthaya - Chiang Mai,180,218,4,1,2,1,75,Business
T0688,D148,Personal Car,Inter-city,16,26,1,1,3,4,73,Premium
T0689,D194,Truck (Logistics),Bangkok - Chonburi,781,775,7,0,4,3,62,Business
T0690,D277,Truck (Logistics),City Route,739,881,6,3,4,0,56,Business
T0691,D234,Truck (Logistics),City Route,683,718,3,4,4,2,53,Business
T0692,D257,Truck (Logistics),Urban Area,747,830,9,3,4,3,50,Business
T0693,D247,Delivery Van,Ayutthaya - Chiang Mai,105,206,2,1,1,0,86,Premium
T0694,D253,Delivery Van,Bangkok - Rayong,81,101,3,0,4,0,83,Premium
T0695,D175,Truck (Logistics),Urban Area,696,579,10,0,2,2,60,Business
T0696,D134,Delivery Van,Urban Area,80,96,0,0,4,1,89,Premium
T0697,D215,Delivery Van,City Route,81,147,1,1,1,4,77,Business
T0698,D188,Truck (Logistics),City Route,357,405,8,3,1,3,50,Business
T0699,D286,Public Bus,City Route,197,269,3,0,5,2,75,Business
T0700,D294,Truck (Logistics),Bangkok - Chonburi,371,365,9,2,3,4,50,Business
T0701,D160,Personal Car,Bangkok - Rayong,114,180,1,1,0,2,85,Basic
T0702,D198,Delivery Van,Inter-city,25,31,2,1,4,2,74,Basic
T0703,D170,Delivery Van,Bangkok - Chonburi,80,137,3,1,5,1,72,Premium
T0704,D273,Public Bus,Inter-city,136,182,2,1,4,0,80,Business
T0705,D273,Truck (Logistics),Bangkok - Chonburi,212,204,10,0,5,3,51,Business
T0706,D190,Public Bus,Bangkok - Rayong,122,137,1,0,4,0,89,Business
T0707,D115,Public Bus,Inter-city,213,225,1,0,4,1,86,Business
T0708,D197,Public Bus,Bangkok - Chonburi,228,249,3,1,5,0,75,Business
T0709,D264,Personal Car,Urban Area,124,217,2,1,1,0,86,Basic
T0710,D299,Truck (Logistics),Ayutthaya - Chiang Mai,597,557,2,2,2,1,75,Business
T0711,D213,Truck (Logistics),Ayutthaya - Chiang Mai,405,422,4,3,0,1,67,Business
T0712,D239,Personal Car,City Route,42,81,2,0,0,0,94,Business
T0713,D247,Delivery Van,Ayutthaya - Chiang Mai,19,36,1,0,0,3,88,Basic
T0714,D139,Delivery Van,Ayutthaya - Chiang Mai,15,24,3,1,3,3,70,Premium
T0715,D300,Truck (Logistics),Inter-city,431,345,9,0,4,4,53,Business
T0716,D192,Delivery Van,Bangkok - Rayong,92,139,0,1,4,2,80,Business
T0717,D218,Delivery Van,Bangkok - Rayong,66,88,0,1,5,1,81,Basic
T0718,D279,Personal Car,Bangkok - Chonburi,106,168,3,0,1,0,89,Business
T0719,D107,Public Bus,Ayutthaya - Chiang Mai,149,153,5,2,2,3,60,Business
T0720,D237,Personal Car,Bangkok - Chonburi,24,35,2,0,3,0,88,Business
T0721,D268,Personal Car,Bangkok - Rayong,53,95,1,0,0,1,94,Basic
T0722,D268,Truck (Logistics),Ayutthaya - Chiang Mai,246,220,4,0,1,0,86,Business
T0723,D179,Truck (Logistics),Ayutthaya - Chiang Mai,374,424,3,0,0,3,82,Business
T0724,D253,Public Bus,Bangkok - Chonburi,255,280,3,2,5,3,60,Business
T0725,D184,Truck (Logistics),Bangkok - Rayong,789,803,7,1,0,4,61,Business
T0726,D145,Delivery Van,Bangkok - Chonburi,45,63,3,0,5,2,75,Premium
T0727,D143,Personal Car,City Route,25,32,3,0,0,3,82,Business
T0728,D102,Truck (Logistics),City Route,291,315,6,3,5,3,50,Business
T0729,D278,Public Bus,City Route,86,113,5,1,3,1,70,Business
T0730,D145,Truck (Logistics),Inter-city,384,417,3,2,2,3,66,Business
T0731,D102,Public Bus,City Route,80,119,1,2,2,4,69,Business
T0732,D230,Public Bus,Ayutthaya - Chiang Mai,247,324,2,1,0,1,85,Business
T0733,D129,Public Bus,Bangkok - Rayong,266,394,4,1,1,1,77,Business
T0734,D272,Truck (Logistics),Bangkok - Chonburi,572,522,8,2,2,4,50,Business
T0735,D295,Personal Car,Bangkok - Chonburi,41,73,1,0,0,3,88,Premium
T0736,D130,Truck (Logistics),City Route,655,679,7,3,1,2,53,Business
T0737,D159,Truck (Logistics),Urban Area,433,363,8,1,3,1,61,Business
T0738,D119,Personal Car,Inter-city,139,172,3,0,1,4,77,Basic
T0739,D146,Personal Car,Urban Area,49,76,1,1,2,1,84,Basic
T0740,D133,Truck (Logistics),Bangkok - Rayong,782,644,4,0,3,3,73,Business
T0741,D208,Public Bus,Urban Area,106,152,5,0,5,4,63,Business
T0742,D144,Public Bus,Bangkok - Chonburi,155,221,4,0,4,3,71,Business
T0743,D219,Delivery Van,Bangkok - Chonburi,124,221,1,0,2,3,84,Premium
T0744,D157,Public Bus,Inter-city,279,279,1,0,3,4,79,Business
T0745,D109,Personal Car,Inter-city,115,182,0,1,3,1,85,Business
T0746,D243,Truck (Logistics),Bangkok - Rayong,616,726,4,2,2,1,69,Business
T0747,D266,Truck (Logistics),Bangkok - Chonburi,691,737,4,3,4,4,50,Business
T0748,D107,Personal Car,Ayutthaya - Chiang Mai,50,94,3,0,2,3,78,Premium
T0749,D263,Truck (Logistics),Bangkok - Rayong,272,259,7,4,0,2,50,Business
T0750,D210,Delivery Van,Bangkok - Rayong,68,124,0,1,5,0,84,Premium
T0751,D273,Delivery Van,Bangkok - Chonburi,43,64,3,0,2,2,81,Business
T0752,D266,Truck (Logistics),Inter-city,409,349,7,1,4,0,65,Business
T0753,D267,Personal Car,Bangkok - Rayong,68,122,1,1,2,2,81,Premium
T0754,D275,Personal Car,Urban Area,28,35,2,1,3,4,70,Premium
T0755,D132,Personal Car,Bangkok - Rayong,89,138,2,0,1,3,83,Business
T0756,D121,Personal Car,City Route,88,173,0,0,1,2,92,Business
T0757,D279,Public Bus,Ayutthaya - Chiang Mai,88,126,5,2,0,2,67,Business
T0758,D207,Public Bus,Ayutthaya - Chiang Mai,138,166,6,2,0,2,64,Business
T0759,D149,Truck (Logistics),Bangkok - Chonburi,437,495,10,2,3,4,50,Business
T0760,D188,Delivery Van,Ayutthaya - Chiang Mai,150,281,3,1,2,4,69,Business
T0761,D179,Public Bus,Urban Area,108,134,3,0,1,2,83,Business
T0762,D173,Personal Car,City Route,56,99,2,0,1,1,89,Business
T0763,D161,Truck (Logistics),Bangkok - Chonburi,524,539,9,2,2,1,54,Business
T0764,D153,Truck (Logistics),Bangkok - Rayong,524,624,4,2,3,4,58,Business
T0765,D142,Delivery Van,Bangkok - Chonburi,21,31,3,0,3,2,79,Business
T0766,D102,Delivery Van,Bangkok - Rayong,90,142,2,0,4,3,77,Basic
T0767,D277,Truck (Logistics),Bangkok - Rayong,690,800,4,4,0,2,58,Business
T0768,D107,Personal Car,Inter-city,71,110,0,1,0,4,82,Premium
T0769,D150,Public Bus,Urban Area,100,101,5,1,5,0,69,Business
T0770,D232,Personal Car,City Route,140,203,0,1,3,1,85,Premium
T0771,D210,Delivery Van,Ayutthaya - Chiang Mai,110,133,2,1,2,3,75,Premium
T0772,D123,Public Bus,Bangkok - Rayong,277,338,4,1,2,1,75,Business
T0773,D287,Personal Car,Bangkok - Rayong,121,158,0,0,1,2,92,Basic
T0774,D235,Delivery Van,Bangkok - Chonburi,111,141,3,1,3,1,76,Premium
T0775,D219,Public Bus,City Route,97,137,3,2,3,0,73,Business
T0776,D178,Delivery Van,Ayutthaya - Chiang Mai,133,183,0,0,2,2,90,Premium
T0777,D263,Personal Car,Bangkok - Chonburi,88,134,3,0,0,0,91,Basic
T0778,D227,Truck (Logistics),Inter-city,570,588,8,2,5,3,50,Business
T0779,D278,Truck (Logistics),Urban Area,724,791,2,2,1,4,68,Business
T0780,D115,Public Bus,Urban Area,168,241,2,1,1,0,86,Business
T0781,D170,Delivery Van,Ayutthaya - Chiang Mai,106,131,2,0,4,1,83,Premium
T0782,D147,Truck (Logistics),Inter-city,371,377,7,2,2,2,57,Business
T0783,D125,Delivery Van,City Route,18,23,2,1,3,3,73,Basic
T0784,D142,Truck (Logistics),City Route,358,358,5,4,4,4,50,Business
T0785,D237,Truck (Logistics),Ayutthaya - Chiang Mai,671,782,3,1,0,3,76,Business
T0786,D190,Delivery Van,Bangkok - Rayong,107,140,3,1,1,2,77,Business
T0787,D291,Truck (Logistics),City Route,331,378,4,1,2,1,75,Business
T0788,D154,Public Bus,Bangkok - Chonburi,158,212,1,0,0,3,88,Business
T0789,D294,Personal Car,Bangkok - Chonburi,65,83,0,1,0,2,88,Business
T0790,D117,Delivery Van,Bangkok - Rayong,17,30,0,0,4,1,89,Business
T0791,D272,Delivery Van,Bangkok - Chonburi,38,50,2,1,2,1,81,Premium
T0792,D300,Public Bus,Inter-city,195,201,5,0,4,1,74,Business
T0793,D284,Public Bus,Urban Area,93,134,5,0,5,0,75,Business
T0794,D155,Personal Car,Urban Area,62,96,0,0,2,3,87,Basic
T0795,D155,Public Bus,Ayutthaya - Chiang Mai,78,107,3,0,3,0,85,Business
T0796,D234,Public Bus,Ayutthaya - Chiang Mai,245,289,3,2,5,0,69,Business
T0797,D122,Delivery Van,Ayutthaya - Chiang Mai,44,66,3,1,5,3,66,Business
T0798,D242,Personal Car,Urban Area,124,167,0,1,5,2,78,Business
T0799,D104,Personal Car,Bangkok - Rayong,41,62,0,0,1,3,89,Basic
T0800,D278,Truck (Logistics),Bangkok - Rayong,372,307,5,2,1,4,59,Business
T0801,D204,Truck (Logistics),City Route,634,691,6,4,4,2,50,Business
T0802,D294,Personal Car,Urban Area,136,235,3,1,4,2,71,Business
T0803,D297,Personal Car,Bangkok - Chonburi,46,64,3,0,5,1,78,Business
T0804,D126,Truck (Logistics),Bangkok - Chonburi,710,760,4,3,4,2,56,Business
T0805,D140,Delivery Van,Inter-city,39,70,3,1,1,2,77,Premium
T0806,D228,Personal Car,Inter-city,81,132,0,0,3,0,94,Basic
T0807,D216,Delivery Van,Ayutthaya - Chiang Mai,128,200,0,0,4,2,86,Premium
T0808,D143,Personal Car,Ayutthaya - Chiang Mai,49,71,3,1,0,4,73,Premium
T0809,D226,Personal Car,Ayutthaya - Chiang Mai,55,88,3,1,3,4,67,Basic
T0810,D258,Delivery Van,Urban Area,97,121,0,0,2,2,90,Premium
T0811,D250,Truck (Logistics),Bangkok - Rayong,549,522,8,2,2,3,51,Business
T0812,D190,Truck (Logistics),Bangkok - Rayong,450,404,6,4,0,0,58,Business
T0813,D179,Truck (Logistics),Urban Area,373,301,7,0,3,3,64,Business
T0814,D246,Personal Car,Urban Area,20,35,0,1,3,4,76,Basic
T0815,D183,Truck (Logistics),Ayutthaya - Chiang Mai,302,325,5,2,3,4,55,Business
T0816,D296,Delivery Van,City Route,91,135,3,0,3,0,85,Premium
T0817,D155,Delivery Van,Urban Area,27,38,3,0,4,0,83,Premium
T0818,D249,Truck (Logistics),Inter-city,544,494,10,3,3,1,50,Business
T0819,D189,Truck (Logistics),Bangkok - Rayong,509,509,6,3,5,4,50,Business
T0820,D181,Public Bus,Ayutthaya - Chiang Mai,152,171,5,1,5,4,57,Business
T0821,D147,Truck (Logistics),Bangkok - Rayong,728,833,9,1,5,3,50,Business
T0822,D169,Personal Car,Inter-city,30,48,2,1,1,1,83,Business
T0823,D292,Delivery Van,Ayutthaya - Chiang Mai,120,174,0,0,3,2,88,Basic
T0824,D266,Public Bus,Urban Area,225,292,4,0,0,1,85,Business
T0825,D150,Truck (Logistics),City Route,517,509,10,3,3,0,50,Business
T0826,D152,Public Bus,Urban Area,84,85,3,2,4,1,68,Business
T0827,D265,Truck (Logistics),Bangkok - Rayong,697,775,2,0,2,4,78,Business
T0828,D177,Truck (Logistics),Ayutthaya - Chiang Mai,572,611,3,3,5,1,60,Business
T0829,D161,Truck (Logistics),Inter-city,712,835,10,4,4,2,50,Business
T0830,D228,Truck (Logistics),City Route,325,360,7,2,4,3,50,Business
T0831,D292,Public Bus,Ayutthaya - Chiang Mai,105,112,2,0,2,3,81,Business
T0832,D205,Delivery Van,Inter-city,29,46,2,0,2,4,78,Basic
T0833,D222,Public Bus,Urban Area,275,382,2,1,3,2,76,Business
T0834,D179,Truck (Logistics),Bangkok - Rayong,235,267,2,1,2,4,72,Business
T0835,D199,Delivery Van,Bangkok - Rayong,107,205,0,0,3,3,85,Business
T0836,D201,Delivery Van,Urban Area,38,74,1,1,1,1,86,Basic
T0837,D262,Delivery Van,Bangkok - Rayong,119,217,2,0,3,3,79,Premium
T0838,D206,Delivery Van,Bangkok - Rayong,123,233,0,0,5,2,84,Premium
T0839,D117,Delivery Van,Ayutthaya - Chiang Mai,98,153,0,0,5,1,87,Premium
T0840,D214,Public Bus,Bangkok - Chonburi,152,167,3,1,4,0,77,Business
T0841,D129,Public Bus,City Route,182,246,6,0,4,3,65,Business
T0842,D182,Personal Car,Ayutthaya - Chiang Mai,49,69,2,1,1,0,86,Basic
T0843,D195,Public Bus,Ayutthaya - Chiang Mai,274,325,5,0,0,0,85,Business
T0844,D243,Public Bus,Bangkok - Chonburi,299,368,3,2,1,0,77,Business
T0845,D203,Personal Car,Inter-city,81,106,2,0,4,0,86,Business
T0846,D284,Personal Car,Ayutthaya - Chiang Mai,141,182,1,0,2,2,87,Premium
T0847,D227,Personal Car,City Route,125,235,1,1,5,1,78,Basic
T0848,D147,Personal Car,City Route,22,31,2,0,4,3,77,Business
T0849,D195,Personal Car,Bangkok - Chonburi,17,26,2,1,5,1,75,Premium
T0850,D199,Personal Car,Bangkok - Rayong,80,100,0,0,2,1,93,Basic
T0851,D191,Truck (Logistics),Bangkok - Chonburi,459,459,8,2,3,2,52,Business
T0852,D134,Truck (Logistics),Inter-city,383,346,10,3,2,3,50,Business
T0853,D134,Truck (Logistics),Urban Area,743,723,6,0,2,0,78,Business
T0854,D133,Personal Car,Urban Area,107,207,2,1,4,2,74,Premium
T0855,D181,Personal Car,City Route,95,170,3,0,4,3,74,Business
T0856,D149,Public Bus,Bangkok - Chonburi,108,117,4,1,1,3,71,Business
T0857,D212,Truck (Logistics),Ayutthaya - Chiang Mai,241,235,10,3,3,3,50,Business
T0858,D129,Public Bus,Bangkok - Chonburi,139,145,3,0,1,4,77,Business
T0859,D170,Public Bus,Inter-city,298,298,5,0,3,0,79,Business
T0860,D164,Personal Car,Bangkok - Rayong,39,74,0,1,5,0,84,Basic
T0861,D196,Truck (Logistics),Urban Area,357,289,9,3,3,2,50,Business
T0862,D253,Truck (Logistics),Urban Area,244,259,9,2,5,4,50,Business
T0863,D134,Public Bus,Bangkok - Chonburi,255,337,3,0,5,0,81,Business
T0864,D241,Personal Car,Bangkok - Chonburi,117,164,1,1,0,0,91,Business
T0865,D142,Personal Car,Ayutthaya - Chiang Mai,87,149,1,0,2,3,84,Basic
T0866,D289,Delivery Van,Bangkok - Rayong,48,71,0,1,4,1,83,Basic
T0867,D215,Personal Car,Ayutthaya - Chiang Mai,83,136,3,0,3,2,79,Premium
T0868,D148,Personal Car,Bangkok - Rayong,124,158,2,1,5,1,75,Premium
T0869,D276,Public Bus,Ayutthaya - Chiang Mai,184,241,5,0,2,3,72,Business
T0870,D212,Truck (Logistics),Ayutthaya - Chiang Mai,507,435,4,2,1,4,62,Business
T0871,D210,Delivery Van,Inter-city,27,44,0,0,4,3,83,Basic
T0872,D125,Personal Car,Bangkok - Rayong,79,117,0,0,0,3,91,Business
T0873,D147,Personal Car,Bangkok - Chonburi,36,55,2,1,4,3,71,Premium
T0874,D216,Delivery Van,Urban Area,62,84,0,1,5,0,84,Basic
T0875,D237,Truck (Logistics),Bangkok - Chonburi,604,511,4,3,3,3,55,Business
T0876,D269,Personal Car,Urban Area,107,187,3,1,0,1,82,Business
T0877,D104,Public Bus,Bangkok - Chonburi,258,260,2,0,1,3,83,Business
T0878,D267,Public Bus,Bangkok - Rayong,111,135,6,2,1,0,68,Business
T0879,D178,Personal Car,City Route,136,209,0,0,1,3,89,Basic
T0880,D221,Truck (Logistics),Ayutthaya - Chiang Mai,799,716,6,4,3,0,52,Business
T0881,D186,Truck (Logistics),Bangkok - Chonburi,642,765,9,4,4,4,50,Business
T0882,D175,Truck (Logistics),Ayutthaya - Chiang Mai,609,605,9,1,5,0,57,Business
T0883,D236,Truck (Logistics),Ayutthaya - Chiang Mai,790,731,3,2,5,3,60,Business
T0884,D222,Truck (Logistics),Ayutthaya - Chiang Mai,555,543,8,0,1,2,68,Business
T0885,D286,Public Bus,Ayutthaya - Chiang Mai,138,168,5,0,4,2,71,Business
T0886,D255,Personal Car,City Route,90,160,3,1,5,2,69,Basic
T0887,D142,Public Bus,Urban Area,226,310,6,1,1,1,71,Business
T0888,D152,Public Bus,Inter-city,175,183,4,1,2,1,75,Business
T0889,D154,Truck (Logistics),Bangkok - Chonburi,567,653,7,1,1,4,59,Business
T0890,D109,Truck (Logistics),Urban Area,640,541,5,0,4,1,74,Business
T0891,D225,Delivery Van,Urban Area,105,190,2,0,5,4,72,Premium
T0892,D272,Truck (Logistics),Bangkok - Rayong,251,293,9,3,0,0,55,Business
T0893,D257,Truck (Logistics),Inter-city,242,242,4,0,1,2,80,Business
T0894,D141,Delivery Van,Bangkok - Rayong,128,231,3,0,1,2,83,Basic
T0895,D136,Truck (Logistics),City Route,649,770,2,1,3,2,76,Business
T0896,D174,Public Bus,Bangkok - Chonburi,118,139,4,1,5,1,69,Business
T0897,D139,Personal Car,City Route,50,92,3,1,3,4,67,Premium
T0898,D193,Truck (Logistics),Ayutthaya - Chiang Mai,349,386,10,0,0,2,64,Business
T0899,D181,Personal Car,City Route,126,157,0,0,4,0,92,Premium
T0900,D283,Delivery Van,Ayutthaya - Chiang Mai,117,223,2,1,2,0,84,Basic
T0901,D236,Public Bus,Bangkok - Rayong,153,187,2,2,4,4,62,Business
T0902,D267,Personal Car,Bangkok - Rayong,103,196,3,0,2,0,87,Business
T0903,D238,Delivery Van,Ayutthaya - Chiang Mai,47,75,2,0,0,4,82,Premium
T0904,D180,Delivery Van,Bangkok - Rayong,55,67,2,0,2,3,81,Premium
T0905,D129,Truck (Logistics),Urban Area,465,488,7,0,0,0,79,Business
T0906,D215,Delivery Van,Inter-city,16,25,1,0,2,2,87,Basic
T0907,D271,Public Bus,Bangkok - Rayong,146,183,2,0,2,4,78,Business
T0908,D250,Public Bus,Urban Area,166,174,6,1,3,0,70,Business
T0909,D124,Truck (Logistics),Ayutthaya - Chiang Mai,333,329,9,0,2,4,57,Business
T0910,D204,Personal Car,Urban Area,142,242,3,1,5,3,66,Business
T0911,D137,Public Bus,Ayutthaya - Chiang Mai,232,285,6,2,4,0,62,Business
T0912,D278,Public Bus,Ayutthaya - Chiang Mai,171,173,2,2,2,0,78,Business
T0913,D255,Personal Car,Bangkok - Chonburi,45,67,2,0,4,1,83,Business
T0914,D196,Delivery Van,Urban Area,92,132,0,0,1,4,86,Basic
T0915,D113,Delivery Van,Urban Area,70,94,3,0,0,4,79,Basic
T0916,D118,Truck (Logistics),Ayutthaya - Chiang Mai,692,712,9,2,3,3,50,Business
T0917,D285,Public Bus,City Route,179,235,4,2,3,1,67,Business
T0918,D287,Delivery Van,Bangkok - Chonburi,119,179,3,1,4,0,77,Premium
T0919,D214,Delivery Van,Bangkok - Rayong,37,70,0,1,4,0,86,Premium
T0920,D244,Truck (Logistics),City Route,754,777,2,4,4,1,59,Business
T0921,D293,Personal Car,Inter-city,19,24,1,0,2,1,90,Business
T0922,D281,Personal Car,Bangkok - Chonburi,97,147,0,1,0,2,88,Basic
T0923,D147,Personal Car,Bangkok - Chonburi,150,218,2,0,0,0,94,Premium
T0924,D144,Delivery Van,City Route,61,85,0,0,2,3,87,Premium
T0925,D144,Truck (Logistics),Inter-city,533,465,2,2,3,0,76,Business
T0926,D182,Public Bus,Ayutthaya - Chiang Mai,278,323,4,0,0,1,85,Business
T0927,D162,Public Bus,Ayutthaya - Chiang Mai,180,247,4,0,2,0,84,Business
T0928,D182,Personal Car,Inter-city,119,149,0,1,5,1,81,Business
T0929,D169,Truck (Logistics),City Route,768,814,4,2,4,3,59,Business
T0930,D215,Truck (Logistics),Bangkok - Rayong,712,627,4,2,4,1,65,Business
T0931,D163,Personal Car,Inter-city,130,160,3,1,5,1,72,Business
T0932,D116,Personal Car,Urban Area,79,147,3,1,5,1,72,Premium
T0933,D231,Delivery Van,Bangkok - Chonburi,56,100,0,1,0,3,85,Premium
T0934,D132,Public Bus,Bangkok - Rayong,192,287,4,0,4,4,68,Business
T0935,D182,Delivery Van,Bangkok - Rayong,81,160,3,1,1,2,77,Basic
T0936,D154,Personal Car,Inter-city,99,120,1,0,4,3,80,Business
T0937,D103,Public Bus,Ayutthaya - Chiang Mai,192,277,6,1,3,4,58,Business
T0938,D121,Truck (Logistics),Inter-city,231,267,9,0,2,3,60,Business
T0939,D254,Delivery Van,Ayutthaya - Chiang Mai,60,112,0,0,3,2,88,Business
T0940,D214,Truck (Logistics),City Route,220,242,7,1,0,4,61,Business
T0941,D261,Delivery Van,Bangkok - Rayong,71,98,3,1,0,2,79,Basic
T0942,D281,Public Bus,Bangkok - Chonburi,100,149,6,1,0,2,70,Business
T0943,D246,Personal Car,City Route,64,110,1,0,4,1,86,Premium
T0944,D117,Public Bus,Urban Area,288,370,2,2,5,2,66,Business
T0945,D150,Truck (Logistics),Bangkok - Rayong,745,779,10,3,0,3,50,Business
T0946,D265,Truck (Logistics),Urban Area,642,730,8,2,0,4,52,Business
T0947,D220,Personal Car,Urban Area,147,265,1,0,2,3,84,Premium
T0948,D215,Delivery Van,Bangkok - Chonburi,115,155,0,0,5,1,87,Premium
T0949,D209,Truck (Logistics),City Route,401,347,6,0,5,0,72,Business
T0950,D108,Personal Car,Ayutthaya - Chiang Mai,21,35,2,1,1,0,86,Basic
T0951,D162,Delivery Van,Bangkok - Chonburi,100,161,1,0,4,4,77,Basic
T0952,D296,Truck (Logistics),Bangkok - Rayong,657,677,3,0,0,3,82,Business
T0953,D181,Truck (Logistics),City Route,263,307,9,0,2,4,57,Business
T0954,D261,Personal Car,Bangkok - Chonburi,41,71,0,1,3,3,79,Business
T0955,D259,Personal Car,City Route,17,26,3,1,4,4,65,Business
T0956,D187,Truck (Logistics),Ayutthaya - Chiang Mai,729,678,5,0,0,0,85,Business
T0957,D253,Truck (Logistics),Inter-city,398,462,4,4,2,2,54,Business
T0958,D208,Personal Car,Bangkok - Rayong,128,172,1,0,0,1,94,Basic
T0959,D250,Personal Car,Inter-city,106,153,1,0,3,2,85,Premium
T0960,D188,Delivery Van,Urban Area,17,27,1,0,1,4,83,Premium
T0961,D114,Personal Car,Urban Area,65,128,1,0,2,1,90,Premium
T0962,D222,Personal Car,Inter-city,99,186,2,1,3,2,76,Business
T0963,D127,Personal Car,Bangkok - Chonburi,141,193,0,0,5,1,87,Basic
T0964,D260,Public Bus,City Route,173,236,3,2,3,1,70,Business
T0965,D203,Public Bus,Bangkok - Chonburi,142,142,3,0,4,0,83,Business
T0966,D137,Delivery Van,Ayutthaya - Chiang Mai,64,109,2,0,0,1,91,Business
T0967,D173,Public Bus,City Route,276,312,2,1,4,1,77,Business
T0968,D146,Public Bus,Bangkok - Chonburi,95,135,1,0,5,1,84,Business
T0969,D198,Truck (Logistics),Urban Area,415,382,5,2,2,1,66,Business
T0970,D235,Personal Car,Bangkok - Rayong,31,40,1,0,1,4,83,Basic
T0971,D278,Delivery Van,Urban Area,124,245,1,0,4,4,77,Business
T0972,D238,Delivery Van,City Route,98,136,2,0,4,4,74,Basic
T0973,D154,Truck (Logistics),Ayutthaya - Chiang Mai,266,230,8,4,2,3,50,Business
T0974,D233,Personal Car,City Route,97,171,3,1,3,2,73,Premium
T0975,D203,Truck (Logistics),City Route,424,490,9,1,3,1,58,Business
T0976,D179,Personal Car,Ayutthaya - Chiang Mai,55,107,2,1,4,0,80,Business
T0977,D293,Truck (Logistics),Urban Area,655,659,5,4,0,3,52,Business
T0978,D232,Delivery Van,Ayutthaya - Chiang Mai,130,204,3,1,3,2,73,Basic
T0979,D198,Truck (Logistics),City Route,652,582,3,2,0,2,73,Business
T0980,D229,Truck (Logistics),Urban Area,433,363,3,2,0,4,67,Business
T0981,D152,Delivery Van,City Route,99,138,2,0,5,4,72,Business
T0982,D293,Delivery Van,Bangkok - Chonburi,91,129,2,1,3,4,70,Premium
T0983,D104,Personal Car,Bangkok - Rayong,146,290,1,1,1,1,86,Premium
T0984,D292,Public Bus,Ayutthaya - Chiang Mai,109,137,5,1,5,3,60,Business
T0985,D188,Truck (Logistics),Urban Area,392,380,8,1,3,3,55,Business
T0986,D243,Truck (Logistics),Urban Area,342,352,4,2,5,0,66,Business
T0987,D228,Delivery Van,Urban Area,72,110,3,1,2,4,69,Business
T0988,D246,Truck (Logistics),City Route,357,425,7,4,5,4,50,Business
T0989,D256,Personal Car,Ayutthaya - Chiang Mai,67,131,0,1,1,3,83,Business
T0990,D185,Personal Car,Bangkok - Rayong,92,117,0,0,0,4,88,Basic
T0991,D107,Public Bus,City Route,67,97,4,1,1,1,77,Business
T0992,D175,Truck (Logistics),Ayutthaya - Chiang Mai,258,244,2,1,2,3,75,Business
T0993,D201,Public Bus,Bangkok - Chonburi,83,105,4,2,0,3,67,Business
T0994,D153,Public Bus,City Route,129,156,6,2,3,1,61,Business
T0995,D255,Delivery Van,Inter-city,66,105,3,1,1,0,83,Business
T0996,D215,Truck (Logistics),Ayutthaya - Chiang Mai,452,456,9,3,3,4,50,Business
T0997,D111,Truck (Logistics),Urban Area,667,626,6,3,4,1,53,Business
T0998,D207,Public Bus,City Route,280,366,4,1,3,1,73,Business
T0999,D279,Truck (Logistics),Ayutthaya - Chiang Mai,244,218,4,2,5,4,54,Business
T1000,D175,Truck (Logistics),Bangkok - Rayong,422,490,8,4,0,2,50,Business
